{"delta0": -1972043578.9832656, "delta1": -1951157183.4532065, "delta2": -1956684543.6144943, "delta3": -1945342295.2824683, "delta4": -1944498054.5316484, "jq0q1": 13906241.266973622, "jq1q2": 17963657.95043595, "jq1q3": 7951668.27537871, "jq3q4": 16099357.950517967, "omegad0": 996133434.6197798, "omegad1": 1286420028.3847146, "omegad2": 1169285770.0348952, "omegad3": 1301841662.6814523, "omegad4": 1351210995.2835407, "wq0": 29806821317.909153, "wq1": 29262322049.150475, "wq2": 30112012648.612965, "wq3": 30375486054.437077, "wq4": 31161690653.4094, "coupling_map": [[0, 1], [1, 0], [1, 2], [1, 3], [2, 1], [3, 1], [3, 4], [4, 3]]}