{"delta0": -2001624232.6680145, "delta1": -1980424541.2050045, "delta2": -1986034811.7687116, "delta3": -1974522429.7117052, "delta4": -1973665525.349623, "jq0q1": 14114834.885978226, "jq1q2": 18233112.81969249, "jq1q3": 8070943.299509389, "jq3q4": 16340848.319775736, "omegad0": 1011075436.1390765, "omegad1": 1305716328.8104851, "omegad2": 1186825056.5854185, "omegad3": 1321369287.6216738, "omegad4": 1371479160.2127936, "wq0": 30253923637.677788, "wq1": 29701256879.88773, "wq2": 30563692838.342155, "wq3": 30831118345.25363, "wq4": 31629116013.21054, "coupling_map": [[0, 1], [1, 0], [1, 2], [1, 3], [2, 1], [3, 1], [3, 4], [4, 3]], "dt": 2.2222222222222221e-10}